mean_fit_time,std_fit_time,mean_score_time,std_score_time,param_model__learning_rate,param_model__max_depth,param_model__n_estimators,param_model__subsample,params,split0_test_rmse,split1_test_rmse,split2_test_rmse,split3_test_rmse,split4_test_rmse,mean_test_rmse,std_test_rmse,rank_test_rmse,split0_train_rmse,split1_train_rmse,split2_train_rmse,split3_train_rmse,split4_train_rmse,mean_train_rmse,std_train_rmse,split0_test_mae,split1_test_mae,split2_test_mae,split3_test_mae,split4_test_mae,mean_test_mae,std_test_mae,rank_test_mae,split0_train_mae,split1_train_mae,split2_train_mae,split3_train_mae,split4_train_mae,mean_train_mae,std_train_mae,split0_test_r2,split1_test_r2,split2_test_r2,split3_test_r2,split4_test_r2,mean_test_r2,std_test_r2,rank_test_r2,split0_train_r2,split1_train_r2,split2_train_r2,split3_train_r2,split4_train_r2,mean_train_r2,std_train_r2
2.4362669467926024,0.22937335487082255,0.008649110794067383,0.0013963354491003533,0.01,2,100,0.8,"{'model__learning_rate': 0.01, 'model__max_depth': 2, 'model__n_estimators': 100, 'model__subsample': 0.8}",-6.08166925299304,-5.81111307238432,-5.925616094363663,-5.9485942881656415,-5.942411408863958,-5.941880823354124,0.08596615996368187,35,-5.84572548200979,-5.914480064544923,-5.892714549659468,-5.872037276063228,-5.884304135691828,-5.881852301593847,0.022759844718716494,-4.893652455487717,-4.628597936908914,-4.785258787621168,-4.789544223826694,-4.764648093570008,-4.7723402994829005,0.08473551601695742,35,-4.69384109648022,-4.760239294250161,-4.727729624911036,-4.714814687388837,-4.727389027059723,-4.724802746017995,0.02158420476909638,0.10587839702846102,0.10299959973915929,0.10812856107299607,0.09903381667375599,0.0994991097473511,0.1031078968523447,0.0035359847957210206,35,0.12176250189787896,0.12210284767760726,0.11904867773010497,0.1253404799210993,0.12214419947572053,0.1220797413404822,0.0019962511024034482
3.0099652290344237,0.24903272190776204,0.007165193557739258,0.0003809095382227695,0.01,2,100,1.0,"{'model__learning_rate': 0.01, 'model__max_depth': 2, 'model__n_estimators': 100, 'model__subsample': 1.0}",-6.096159794946794,-5.827804156812724,-5.9433149944036945,-5.96159303017904,-5.956185845515928,-5.957011564371635,0.08516578175505916,36,-5.854819885689039,-5.92578053309816,-5.902674266470809,-5.8844054678762925,-5.8927434106010885,-5.892084712747077,0.02321903950431223,-4.899850804706135,-4.641309234386604,-4.800381929581984,-4.798218247952906,-4.778600171679697,-4.783672077661466,0.08280242775989576,36,-4.703081116547325,-4.767335593240698,-4.737350927870029,-4.7275475414842685,-4.7344614815573784,-4.73395533213994,0.020592741722733166,0.10161254787155849,0.09783934527233507,0.10279283999789501,0.09509197018271431,0.09531957129113033,0.09853125492312664,0.0031710504198473096,36,0.11902776547378435,0.1187449442030516,0.11606823792148024,0.12165203277286718,0.11962435044162723,0.11902346616256212,0.0017933985203814947
6.792699861526489,0.1968229635625961,0.011509180068969727,0.0037865437092884893,0.01,2,300,0.8,"{'model__learning_rate': 0.01, 'model__max_depth': 2, 'model__n_estimators': 300, 'model__subsample': 0.8}",-5.769061090701239,-5.534147258433829,-5.5915344847632555,-5.659839258523107,-5.632145162903394,-5.637345451064965,0.07826945214009051,29,-5.449693180931446,-5.50336176516947,-5.502442809224155,-5.4654629935508545,-5.486159000783137,-5.481423949931812,0.021009877295534028,-4.661721079667785,-4.403811263655298,-4.530470156964832,-4.561354876757288,-4.508387917024342,-4.533149058813909,0.08327651364776932,29,-4.3784367038139775,-4.431524458687193,-4.415402986124236,-4.3925683380863845,-4.415781616054581,-4.406742820553275,0.01883071999948088,0.19543475471032834,0.18646656389877136,0.20585967489699142,0.18437977676059802,0.19107847050030868,0.19264384815339958,0.007633496706893116,29,0.23672814799671404,0.23990719741102828,0.23187450747190697,0.24226851038268127,0.23692058071470212,0.23753978879540655,0.003495798143800154
8.124874591827393,0.30127208306980197,0.010074138641357422,0.0004672379111314264,0.01,2,300,1.0,"{'model__learning_rate': 0.01, 'model__max_depth': 2, 'model__n_estimators': 300, 'model__subsample': 1.0}",-5.808072305636522,-5.571676832701038,-5.627554950260195,-5.694971706967974,-5.675012123938137,-5.675457583900773,0.07878168630334739,30,-5.476839976547937,-5.529384996396518,-5.529620266428515,-5.491888748434692,-5.5125897437648135,-5.508064746314496,0.020862973264869293,-4.685298131601981,-4.429747335909317,-4.557160224869005,-4.586452926629606,-4.5488266293730995,-4.561497049676602,0.08183744663444562,30,-4.399611677501821,-4.449658958543584,-4.437094617030397,-4.414155897705355,-4.433301511988962,-4.4267645325540235,0.01771921384851063,0.18451679453090108,0.17539526915341896,0.19559507170716306,0.1742227144396179,0.17871800449898834,0.18168957086601786,0.00781739768605541,30,0.22910496923870405,0.23270184268945804,0.22426797609876847,0.2349234659846302,0.22955027312858156,0.23010970542802847,0.0036149613315366274
3.309916639328003,0.10678658233584842,0.008529043197631836,0.0016151044968971398,0.01,3,100,0.8,"{'model__learning_rate': 0.01, 'model__max_depth': 3, 'model__n_estimators': 100, 'model__subsample': 0.8}",-5.981999754109367,-5.7158598390730395,-5.818236679470703,-5.858009507766945,-5.850795076381433,-5.844980171360298,0.08528214039616058,33,-5.6865508546237615,-5.75188109023882,-5.736692627011766,-5.707367518448045,-5.723582734266289,-5.721214964917737,0.022710913297342872,-4.820139266096741,-4.556222193470859,-4.706654496091097,-4.7189223385362356,-4.687451817420597,-4.697878022323106,0.08443077763735321,33,-4.5704639589532965,-4.631120246484271,-4.606325238713059,-4.58833635106326,-4.6029889855429325,-4.599846956151364,0.020128158066394862,0.13494489303447688,0.13216507003380984,0.14015929318465314,0.12626459259186973,0.12705176890737624,0.13211712355043717,0.005149466143720313,33,0.16893881801481436,0.1697090693064186,0.16508115061810014,0.17370885552827564,0.16944405753672975,0.1693763902008677,0.002739564292371529
4.1057579040527346,0.12197918911705602,0.00831294059753418,0.0008111455300196796,0.01,3,100,1.0,"{'model__learning_rate': 0.01, 'model__max_depth': 3, 'model__n_estimators': 100, 'model__subsample': 1.0}",-6.002563859692293,-5.737209632835935,-5.843129514765677,-5.86715668494494,-5.88024253064359,-5.866060444576488,0.08481022918802383,34,-5.698045219079332,-5.765951979455148,-5.752128116201108,-5.720341778167391,-5.737857414699904,-5.734864901520576,0.023832709698020645,-4.834361186479292,-4.564525644703767,-4.723510483584405,-4.7273122797294755,-4.714070115085126,-4.712755941916413,0.08612703490203383,34,-4.581287448216347,-4.6406684450184175,-4.616939766240886,-4.600355069611789,-4.616819145961002,-4.611213975009688,0.019724508929070607,0.12898713250772464,0.12566991436801733,0.13278604193691612,0.12353381777280714,0.11824243852923266,0.1258438690229396,0.004923864593044728,34,0.16557573387947488,0.16564180102983583,0.1605821406510185,0.16994785675915547,0.16529605946890502,0.16540871835767795,0.002966295451501444
9.942391300201416,0.46460188257969315,0.011737632751464843,0.0009845187232260884,0.01,3,300,0.8,"{'model__learning_rate': 0.01, 'model__max_depth': 3, 'model__n_estimators': 300, 'model__subsample': 0.8}",-5.6315084521147325,-5.408655068756294,-5.43664011340719,-5.538463133737138,-5.493421716134278,-5.5017376968299265,0.07894356616560876,26,-5.156461634579885,-5.200961682748121,-5.213987366955791,-5.170753909245605,-5.187730315542571,-5.185978981814395,0.020567424524296732,-4.567173628673234,-4.299451916899007,-4.401771835571175,-4.456489132694738,-4.391436275502336,-4.423264557868098,0.08788428729441573,26,-4.146750136230999,-4.191713255990121,-4.191983960249971,-4.1622676520566815,-4.1820921659171075,-4.174961434088976,0.017766523010589636,0.23334411591861026,0.2229435742306215,0.24924816164715013,0.21898688006213607,0.23043626324365218,0.23099179902043404,0.010469276886294883,26,0.3166570404827944,0.3211437760593153,0.31029868628630664,0.32178224062990024,0.31768056405258127,0.31751246150217954,0.004104047165064876
12.450550842285157,0.6656905085411863,0.012559223175048827,0.0012370871790305382,0.01,3,300,1.0,"{'model__learning_rate': 0.01, 'model__max_depth': 3, 'model__n_estimators': 300, 'model__subsample': 1.0}",-5.685036451115757,-5.4438516428251305,-5.4836572581633884,-5.5649367031654196,-5.546855372816513,-5.5448674856172415,0.08246812295352693,28,-5.183370701371855,-5.228009142781965,-5.24237760143055,-5.195079552003474,-5.220453699039214,-5.213858139325412,0.021629753767954767,-4.596870639860123,-4.322156998512472,-4.435403704953847,-4.4791043010021925,-4.4413153509519905,-4.454970199056125,0.08823473101218375,28,-4.168692306982533,-4.211365328743716,-4.209567437575647,-4.181644742193535,-4.208419677774072,-4.1959378986539,0.017471012148834675,0.21870058351789468,0.2127973503609033,0.2362067095441731,0.2115026303148959,0.21539260066136323,0.21891997487984605,0.008986937500582912,28,0.3095063615950173,0.3140646697228686,0.3027673712106652,0.3153859237435558,0.309045488855083,0.310153963025438,0.004446951339206484
4.279240465164184,0.24224618385843913,0.010159015655517578,0.0021499021320404645,0.01,4,100,0.8,"{'model__learning_rate': 0.01, 'model__max_depth': 4, 'model__n_estimators': 100, 'model__subsample': 0.8}",-5.905891300319456,-5.64645926401102,-5.722098771246041,-5.783594991763249,-5.769106807388056,-5.765430226945564,0.0849758720256404,31,-5.5063299420111305,-5.57398817995147,-5.565832441454202,-5.531150713797962,-5.544693600242911,-5.544398975491536,0.024330100844518962,-4.758587624443162,-4.49869362697847,-4.631894853736403,-4.657387768447237,-4.61759106797431,-4.632830988315916,0.08323908962380673,31,-4.429476079706239,-4.490835982308822,-4.473968250045216,-4.453466266377599,-4.466241683256131,-4.462797652338802,0.020592200058516832,0.1568169036515319,0.15311121167116082,0.1683397698875745,0.14832178813668806,0.1512576485217073,0.1555694643737325,0.006954140936120795,31,0.22078087268559665,0.22027298287274721,0.21407453678917765,0.22394517298255567,0.22055035406574264,0.21992478387916395,0.0032135459604160613
5.302881193161011,0.12610705662270993,0.009112215042114258,0.0012444688108672348,0.01,4,100,1.0,"{'model__learning_rate': 0.01, 'model__max_depth': 4, 'model__n_estimators': 100, 'model__subsample': 1.0}",-5.915888169222857,-5.672757028265193,-5.758432579070666,-5.78924302157226,-5.790170210881349,-5.785298201802465,0.07807728874935874,32,-5.521243051777794,-5.593402101908825,-5.575913271378805,-5.540857086358413,-5.560694451840174,-5.558421992652802,0.02539888392630788,-4.767812606974927,-4.5188131585987446,-4.665781167011362,-4.658367493019268,-4.640579201103198,-4.6502707253415,0.0793690656131672,32,-4.44259250822811,-4.502993514099847,-4.481154606751256,-4.460051978206856,-4.477832810099333,-4.47292508347708,0.020404427532120857,0.15395998520562792,0.14520425841560392,0.15774459480678216,0.14665754549476884,0.14504870179259965,0.1497230171430765,0.005176159337526879,32,0.21655434908703386,0.2148320236707838,0.2112250238447112,0.2212190542958209,0.216045198459914,0.21597512987165274,0.0032158777006150684
12.927527618408202,0.47856021459753756,0.012468051910400391,0.0003281369169761748,0.01,4,300,0.8,"{'model__learning_rate': 0.01, 'model__max_depth': 4, 'model__n_estimators': 300, 'model__subsample': 0.8}",-5.53086220749211,-5.313355922379988,-5.32284610067613,-5.437787249187948,-5.400902375474928,-5.401150771042221,0.0800086330716133,23,-4.8259423498944845,-4.872151313490835,-4.89490952130148,-4.848212088455568,-4.8612612111813505,-4.860495296864744,0.02308926826498822,-4.478672408251448,-4.21406287518943,-4.310469855741176,-4.372833101204606,-4.306878695889486,-4.336583387255229,0.08726842813206952,23,-3.877682867554273,-3.9257983971612345,-3.9338226658939845,-3.9036375519766735,-3.9230445794932547,-3.9127972124158843,0.020164452014288285,0.26050256761809043,0.2500854115707708,0.2803471441266907,0.24712267891079787,0.2561397200523171,0.2588395044557334,0.011717946255309948,23,0.4014514242585434,0.404266488443925,0.3921303765743579,0.4037551512288464,0.40085646769593175,0.4004919816403209,0.0043786983653927546
16.239556646347047,1.086997369109014,0.014985942840576172,0.0057325881335484035,0.01,4,300,1.0,"{'model__learning_rate': 0.01, 'model__max_depth': 4, 'model__n_estimators': 300, 'model__subsample': 1.0}",-5.584847717604514,-5.3613172808938,-5.387058674457887,-5.490384556935184,-5.435813927707693,-5.451884431519815,0.07978037822344972,24,-4.850519760946779,-4.893663554264059,-4.910967653220179,-4.8784077225971645,-4.905160579246379,-4.8877438540549125,0.02168191169131183,-4.51498982303464,-4.257583001862053,-4.362447218998408,-4.415478859760034,-4.35499376979765,-4.381098534690556,0.0841359626121824,24,-3.8962063183106954,-3.940309720821857,-3.9424065669815183,-3.9275823362135727,-3.952729532113474,-3.9318468948882233,0.019532781647530303,0.2459959752703984,0.2364860021354609,0.2628792351124116,0.23248774316477916,0.24649198035054354,0.2448681872067187,0.01050564493970827,24,0.3953393604991525,0.3989941335879923,0.3881355072795478,0.3963049583695304,0.3899865387504772,0.3937520996973401,0.004055637143434667
2.258759641647339,0.0743426499557018,0.007216644287109375,0.00040249268935036044,0.05,2,100,0.8,"{'model__learning_rate': 0.05, 'model__max_depth': 2, 'model__n_estimators': 100, 'model__subsample': 0.8}",-5.597272150206923,-5.3833805102474495,-5.4000922119603585,-5.501196890964319,-5.442684027778431,-5.464925158231496,0.07769024816700427,25,-5.201044931981848,-5.2522100838845445,-5.254422823434989,-5.209169919107579,-5.240655582949819,-5.231500668271757,0.02220059362407673,-4.545170182989193,-4.2728711247137445,-4.371995528952727,-4.429249953914617,-4.357323608920911,-4.395322079898238,0.09009750588828966,25,-4.177110810741686,-4.235540962755231,-4.21472186686536,-4.184613769192119,-4.220017159320251,-4.20640091377493,0.02207429574155577,0.2426374261793116,0.2301889502848099,0.25930811635072226,0.2294618093300561,0.244586121592,0.24123648474737996,0.010958627391954365,25,0.3047894501578734,0.3076994541328013,0.2995596777927717,0.31166719513329477,0.30368749057168987,0.3054806535576862,0.0040483952944797615
2.7557642459869385,0.09391583810067168,0.007003974914550781,0.0005473887750476744,0.05,2,100,1.0,"{'model__learning_rate': 0.05, 'model__max_depth': 2, 'model__n_estimators': 100, 'model__subsample': 1.0}",-5.640481226667315,-5.4307778483808695,-5.446297086844389,-5.543547866795883,-5.49780000089364,-5.51178080591642,0.07565448296098906,27,-5.232316279338047,-5.277872401470384,-5.2870646355184725,-5.246175646200834,-5.267723622055621,-5.262230516916672,0.020219775897868924,-4.564177545025664,-4.308485368851694,-4.406053038764215,-4.462151197989536,-4.407472059571771,-4.429667842040576,0.08352668090161508,27,-4.204983266202357,-4.250680025004136,-4.241504153674182,-4.217432151211287,-4.240364208966804,-4.230992761011753,0.01700756146179836,0.23089911891588522,0.21657385572827326,0.2465787079398214,0.2175521621315687,0.22920908205994817,0.22816258535509934,0.010905201306571024,27,0.2964043939247365,0.30091776084639854,0.29083001917034457,0.3018526821693851,0.2964759925018118,0.29729616972253525,0.0039282766108631436
6.844298553466797,0.3405310365647318,0.01010432243347168,0.000857465697389045,0.05,2,300,0.8,"{'model__learning_rate': 0.05, 'model__max_depth': 2, 'model__n_estimators': 300, 'model__subsample': 0.8}",-5.256465291845706,-5.137561715153698,-5.0808736824613545,-5.228168789543854,-5.129643902774959,-5.166542676355915,0.06545906617431498,1,-4.659725723215932,-4.680810848175949,-4.6994368794510395,-4.662122405453244,-4.682263126307896,-4.676871796520812,0.014596560547631319,-4.272886767154409,-4.073227449413883,-4.09603947049819,-4.182264661883665,-4.110420287004679,-4.146967727190965,0.07275783051272583,3,-3.7279629185509515,-3.7639957990431525,-3.7639633728366313,-3.738661058725288,-3.759256975703558,-3.7507680249719164,0.01474994920156182,0.3320582424815298,0.2988868889886679,0.34428966368331737,0.3040484740683994,0.32898357618979657,0.3216533690823422,0.017335744023612317,1,0.4419721794054353,0.4501393021195299,0.4397101622171674,0.44864824215276555,0.44416666177011777,0.4449273095330032,0.003938025177369881
9.853474330902099,0.4405648922841659,0.01217031478881836,0.0023984575316683826,0.05,2,300,1.0,"{'model__learning_rate': 0.05, 'model__max_depth': 2, 'model__n_estimators': 300, 'model__subsample': 1.0}",-5.311636758552125,-5.1799956171204915,-5.12726642811639,-5.279637164342373,-5.1863205323239505,-5.216971300091066,0.06817946071927058,9,-4.701175049740435,-4.718455616969461,-4.736249074021971,-4.696387728580857,-4.7119973262523605,-4.712852959113016,0.014049750597594245,-4.304223660873156,-4.099683769675259,-4.135676405982964,-4.235661159663534,-4.154110453663623,-4.185871089971707,0.07408492502284938,9,-3.766937373911448,-3.793687574910716,-3.7946675400479286,-3.7681481877740346,-3.781991952205183,-3.7810865257698625,0.011930207657101196,0.31796332555026807,0.2872573139741835,0.3322605970027258,0.29027852639025475,0.3140737504825657,0.30836670267999955,0.017136931837774608,9,0.4320004551017672,0.441259381332738,0.43089792274062755,0.4405138900664627,0.4370847287625621,0.43635127560083153,0.004257311617405539
3.9877602577209474,0.31173477543202477,0.008087158203125,0.0008381186608308804,0.05,3,100,0.8,"{'model__learning_rate': 0.05, 'model__max_depth': 3, 'model__n_estimators': 100, 'model__subsample': 0.8}",-5.44398413855297,-5.250596653364138,-5.244735743730364,-5.378698453373008,-5.336859374917618,-5.330974872787619,0.07613291955031683,21,-4.850420529518189,-4.883228461017853,-4.896626857610788,-4.8579399533820204,-4.880808092232637,-4.873804778752298,0.01707170329429082,-4.410914391806964,-4.162343544171363,-4.242957766105321,-4.323896936264478,-4.2656237905038665,-4.281147285770398,0.08304309936646259,21,-3.894486920731924,-3.9431585043771804,-3.9300892511965575,-3.9055988238337536,-3.937349201014334,-3.92213654023075,0.018839273650824256,0.2835519663304751,0.26769617991197703,0.30131333216287004,0.26339580955581265,0.27367626972702475,0.27792671153763193,0.013508920468248671,21,0.3953641004149867,0.4015545325849026,0.39170377024155345,0.40136003804380815,0.3960285301333867,0.39720219428372755,0.003774102727186229
4.704790735244751,0.10099772387256095,0.011683797836303711,0.004033734503738631,0.05,3,100,1.0,"{'model__learning_rate': 0.05, 'model__max_depth': 3, 'model__n_estimators': 100, 'model__subsample': 1.0}",-5.531826144534339,-5.301864299580352,-5.295107897579789,-5.424081689125128,-5.370452146007454,-5.384666435365412,0.08750830090276475,22,-4.87694405642514,-4.902481577644465,-4.920455745423567,-4.876848141326149,-4.908006541189454,-4.896947212401755,0.017376351652972518,-4.486818011118811,-4.198744087305868,-4.278506434470252,-4.360643606246706,-4.301297056257638,-4.325201839079855,0.09604099995480889,22,-3.9164419535505615,-3.951202802626993,-3.945537747979256,-3.920098252043758,-3.955545549786873,-3.9377652611974883,0.016272211860762418,0.2602447810169921,0.25332570511500696,0.2878280535612536,0.25091304481243426,0.2645038275287207,0.2633630824068815,0.01315532056301202,22,0.38873336636593225,0.3968262450341462,0.3857689533797207,0.3966908879751142,0.38927847682237304,0.3914595859154574,0.004488660377005782
11.88608341217041,0.27787765144192794,0.011358547210693359,0.0005476129506030715,0.05,3,300,0.8,"{'model__learning_rate': 0.05, 'model__max_depth': 3, 'model__n_estimators': 300, 'model__subsample': 0.8}",-5.220810903235174,-5.15577795221581,-5.090038855776905,-5.205826959243808,-5.1607559914109,-5.166642132376519,0.045804902455491174,2,-4.169547369894474,-4.19214724234416,-4.207184684543305,-4.185249559538966,-4.196603305322837,-4.190146432328748,0.012524354070345266,-4.244066424737376,-4.092628980381004,-4.0986324619261305,-4.1643312056751505,-4.135110339605462,-4.1469538824650245,0.05506222190458676,2,-3.34086640531892,-3.3787272588401036,-3.3678149905419357,-3.3600728112263663,-3.371949556635144,-3.363886204512494,0.013001253969838459,0.3410887545854231,0.29390620533588807,0.3419219137355791,0.309983863174376,0.32081925401223954,0.32154399816870116,0.0184134000884608,2,0.5532002031840231,0.5589543409180295,0.5509401181604483,0.5556715327279076,0.553492460317806,0.5544517310616428,0.0027047868374468842
13.946838140487671,0.24723282736560223,0.011781787872314453,0.0012773424008404063,0.05,3,300,1.0,"{'model__learning_rate': 0.05, 'model__max_depth': 3, 'model__n_estimators': 300, 'model__subsample': 1.0}",-5.314035153730037,-5.164185754320614,-5.106511935611297,-5.255620697464796,-5.191854184870201,-5.2064415451993895,0.07208223557962563,7,-4.220799939882961,-4.2435563386017305,-4.229259445274728,-4.2321568909086205,-4.22025169976801,-4.22920486288721,0.00854966858313288,-4.304520617440669,-4.081373445000172,-4.106013956455938,-4.224001128093932,-4.1736946139865605,-4.177920752195455,0.0808217259991359,7,-3.373574368761662,-3.4068947255760444,-3.37916241530748,-3.3889520161000553,-3.381944042949318,-3.3861055137389124,0.011513886866764087,0.3173472582793504,0.29160139795583007,0.33765549651082294,0.2967207245371899,0.31260924305304816,0.3111868240672483,0.016330473342542333,7,0.5421484614273233,0.5480707608701059,0.5462153930727743,0.5456558526408336,0.5484460278430965,0.5461072991708267,0.002245560873701761
4.5625005722045895,0.28486285681027573,0.009164810180664062,0.0023369686478298124,0.05,4,100,0.8,"{'model__learning_rate': 0.05, 'model__max_depth': 4, 'model__n_estimators': 100, 'model__subsample': 0.8}",-5.393436527091679,-5.206307093574729,-5.1738318620200605,-5.3232168989023085,-5.239365586943242,-5.267231593706404,0.08034159388132689,16,-4.464555169380686,-4.50352330048224,-4.516811585075219,-4.459913498498937,-4.4921251555755894,-4.487385741802535,0.022021454468781617,-4.3604449076144665,-4.11353833280542,-4.172857027809645,-4.278050151559571,-4.171790721100299,-4.21933622817788,0.08828711138845265,14,-3.5741728138465394,-3.627311276635819,-3.6133490374849924,-3.583812168309838,-3.61520169132516,-3.6027693975204698,0.020228374520470018,0.2967946974911152,0.27999825742175843,0.32007680660094595,0.2785136557691599,0.2999708558416795,0.29507085462493177,0.015189491767513691,16,0.48773871974311445,0.49100288142322634,0.48241098148772765,0.4954382888567217,0.48839279105411504,0.488996732512981,0.004262340661213616
5.897663354873657,0.50816465776122,0.01193861961364746,0.0034801797176517795,0.05,4,100,1.0,"{'model__learning_rate': 0.05, 'model__max_depth': 4, 'model__n_estimators': 100, 'model__subsample': 1.0}",-5.4303672233729605,-5.23465412430285,-5.237083517254719,-5.366764689185752,-5.307606858425038,-5.315295282508265,0.0755907929364028,20,-4.473607107386372,-4.506952450712071,-4.517432979126516,-4.478836126564103,-4.516919777101274,-4.4987496881780675,0.018842516341247884,-4.407707126264131,-4.143613396142828,-4.243669382001661,-4.315243901179009,-4.264624916800044,-4.274971744477535,0.08669768001532957,19,-3.579269067530672,-3.621738712800706,-3.6159229042861005,-3.594603001192303,-3.6325100618595343,-3.6088087495338628,0.019255874182560945,0.28713155468363527,0.2721364565072282,0.3033506543544092,0.2666608035126614,0.2816167329073548,0.2821792403930578,0.012765186970940626,20,0.4856593824213765,0.49022744761888837,0.48226855851756967,0.4911476728779013,0.48272949589875336,0.48640651146689784,0.003695388058449845
17.584304904937746,0.7721256236717793,0.01947932243347168,0.0045690739719183365,0.05,4,300,0.8,"{'model__learning_rate': 0.05, 'model__max_depth': 4, 'model__n_estimators': 300, 'model__subsample': 0.8}",-5.2766236110168805,-5.186324489097005,-5.1101930870140695,-5.239146726175164,-5.1548513334827994,-5.1934278493571835,0.05912424447203021,5,-3.5734961380575747,-3.5785090066028564,-3.579352324228863,-3.5312510715962944,-3.609124673998953,-3.5743466428969084,0.024939307082437145,-4.273792886032757,-4.121578148401077,-4.118666154177947,-4.21591937037294,-4.135525357493397,-4.173096383295624,0.06164731013434002,5,-2.8557977428225216,-2.8761150161521356,-2.856659732856466,-2.8311710735663174,-2.89589694090095,-2.863128101259678,0.021722257587416752,0.32692536308957587,0.28551460482613467,0.3367002185273942,0.30112273341788787,0.32237252868042154,0.3145270897082828,0.01859202400885103,5,0.6718126956310493,0.6786230499103862,0.6749650945173331,0.6836858546321445,0.6697546362886462,0.6757682661959118,0.004965749985700675
22.986797094345093,1.019680947501941,0.013192272186279297,0.002151786946566144,0.05,4,300,1.0,"{'model__learning_rate': 0.05, 'model__max_depth': 4, 'model__n_estimators': 300, 'model__subsample': 1.0}",-5.311054067721912,-5.232101134235984,-5.1394854602027085,-5.328524511848802,-5.202936406045295,-5.24282031601094,0.06983519687628784,11,-3.6647497925725725,-3.6915342663477104,-3.7004416717978468,-3.705033952768847,-3.706513152285363,-3.693654567154468,0.015368019307059192,-4.2969263850952375,-4.139819696692215,-4.140912036291535,-4.286696121737481,-4.192373454614062,-4.211345538886105,0.0684668619769056,11,-2.908947339382664,-2.943722694151028,-2.938386015284349,-2.953281302695645,-2.9498683508292993,-2.938841140468597,0.01579742828523528,0.3181129572874065,0.2728462551738524,0.3290741616929369,0.27707419560560353,0.309671584791427,0.30135583091024526,0.022452851178182236,11,0.6548373453930452,0.6580014191972734,0.6526012670509793,0.6517863398152692,0.6516915175495873,0.6537835778012309,0.0023943327487616854
3.0394700527191163,0.33854619352802184,0.010492277145385743,0.003889398445761432,0.1,2,100,0.8,"{'model__learning_rate': 0.1, 'model__max_depth': 2, 'model__n_estimators': 100, 'model__subsample': 0.8}",-5.354261615576596,-5.201020392156043,-5.175626461475111,-5.311006049955316,-5.235809229136071,-5.255544749659828,0.06718676144124697,15,-4.856522847899116,-4.8803236019337914,-4.900619787490932,-4.860486442934631,-4.882307306623714,-4.876051997376438,0.016028886266810382,-4.344078393784876,-4.125614046459102,-4.190051039975471,-4.2605755191197305,-4.192851732704396,-4.222634146408716,0.07422910988161809,16,-3.887312633949402,-3.9329382418144645,-3.924062250510317,-3.898390830932608,-3.9253771026241338,-3.913616211966185,0.01757537795834911,0.3069729794453232,0.28145975462486483,0.31960504739310924,0.28181987319900936,0.3009208598623818,0.29815570290493765,0.01477212820627514,15,0.3938417574607366,0.40226630870190816,0.39071130151842104,0.40073226990749533,0.3956574351144059,0.39664181454059344,0.004297605540079131
3.723668670654297,0.38096789010589655,0.009027957916259766,0.0014012922615369216,0.1,2,100,1.0,"{'model__learning_rate': 0.1, 'model__max_depth': 2, 'model__n_estimators': 100, 'model__subsample': 1.0}",-5.392519851543367,-5.25083476007265,-5.233881523355116,-5.331641154792994,-5.276998293907874,-5.2971751167344,0.058032987227993195,17,-4.881941287174095,-4.907618412566614,-4.933699608353655,-4.886146652834722,-4.899872633343039,-4.901855718854425,0.018409421010814463,-4.3804403802952665,-4.16135539463195,-4.218011350840191,-4.282492317870646,-4.224236997207159,-4.253307288169043,0.07424368633876692,18,-3.914065325979523,-3.953085264446057,-3.9527174296529144,-3.923725939009338,-3.9392664639703763,-3.9365720846116417,0.015570450191528192,0.2970337125693647,0.26762976063913124,0.3042022676708457,0.2762282726790377,0.289878564516435,0.28699451561496286,0.013387424446856443,17,0.3874800383094169,0.3955615682707364,0.382457983834002,0.3943880790156886,0.39130106430335365,0.3902377467466395,0.004792257184082327
8.795937156677246,0.7392434955348459,0.009816169738769531,0.001893509277824329,0.1,2,300,0.8,"{'model__learning_rate': 0.1, 'model__max_depth': 2, 'model__n_estimators': 300, 'model__subsample': 0.8}",-5.2548734270763475,-5.182414747788871,-5.085091863906732,-5.237672041078845,-5.142854894792271,-5.180581394928614,0.062166789282570134,4,-4.340836602578638,-4.345990326740926,-4.371678530493982,-4.345632227187944,-4.3788772515576175,-4.356602987711822,0.015524045088650002,-4.261442480108362,-4.123426493439168,-4.0915992378507156,-4.207168546578764,-4.130657397442634,-4.162858831083929,0.062212310599517116,4,-3.46600778719103,-3.5039196150275775,-3.495405447978998,-3.4977238300764215,-3.51084871521856,-3.494781079098517,0.015353395171252346,0.3324627393790771,0.2865914368442256,0.34320045994188153,0.3015161100099095,0.32552282605872196,0.31785871444676317,0.020779526386408214,4,0.5157361844855322,0.5259894515783299,0.5151386775830984,0.5209648763012393,0.5138631948429896,0.5183384769582379,0.0045271222274622875
9.113662481307983,1.0423112783242905,0.010604190826416015,0.0021101865226488504,0.1,2,300,1.0,"{'model__learning_rate': 0.1, 'model__max_depth': 2, 'model__n_estimators': 300, 'model__subsample': 1.0}",-5.228866473608415,-5.170282599864621,-5.101197907787337,-5.227556812414363,-5.124633321915113,-5.17050742311797,0.05209357775248351,3,-4.389629370193433,-4.395495966550526,-4.4061866227989945,-4.396134028529594,-4.383417570903244,-4.394172711795159,0.007566331113602801,-4.215457863549085,-4.090949644912371,-4.112075401901969,-4.200269928711124,-4.0987032993948604,-4.143491227693882,0.053210051904152934,1,-3.5106097600028305,-3.5292984962317346,-3.524448547502045,-3.5257449371573597,-3.517005437712529,-3.5214214357212996,0.006727518456914048,0.33905382132182893,0.2899277376450001,0.3390333002994482,0.30421139210232717,0.3302938191781566,0.3205040141093522,0.01991797324984654,3,0.5047883551313042,0.5151289357138941,0.5074539060595495,0.5097661796989894,0.5128545524396422,0.5099983858086758,0.003691962802738508
3.7229101181030275,0.0738289608383387,0.009211301803588867,0.0025266505541777567,0.1,3,100,0.8,"{'model__learning_rate': 0.1, 'model__max_depth': 3, 'model__n_estimators': 100, 'model__subsample': 0.8}",-5.306675651037912,-5.189011569494883,-5.08802088758928,-5.291731397473946,-5.135193481602516,-5.202126597439707,0.085594022888978,6,-4.45116816400539,-4.46023840089258,-4.479748428821178,-4.447525261908791,-4.470198039587693,-4.461775659043126,0.011932417019327228,-4.307379394429367,-4.1326829441335295,-4.11782938205846,-4.23288047818524,-4.111294993429897,-4.180413438447299,0.07725990924204455,8,-3.556713916079352,-3.5959574160843495,-3.5794563755473714,-3.5656318152277096,-3.5889059690718295,-3.5773330984021223,0.014473255045698994,0.3192367850295288,0.2847740506794474,0.3424436061779378,0.28702323895906245,0.327530893327585,0.31220171483471226,0.022738866842314232,6,0.49080615329510435,0.500740151423937,0.490870389767599,0.4982374232849771,0.4933751507199585,0.4948058536983152,0.00401307737284282
4.581274509429932,0.1947295583388904,0.008260154724121093,0.0011466528693441283,0.1,3,100,1.0,"{'model__learning_rate': 0.1, 'model__max_depth': 3, 'model__n_estimators': 100, 'model__subsample': 1.0}",-5.326213030306187,-5.183435206291688,-5.111994833136638,-5.298033286459378,-5.229465352580917,-5.229828341754962,0.07743269748860349,10,-4.438291729741419,-4.467750689016366,-4.4811121270949075,-4.466867002330672,-4.4759130612742615,-4.465986921891526,0.014820318213663855,-4.32186645130177,-4.104952494944922,-4.122449089108024,-4.24352588798202,-4.197562141851287,-4.198071213037605,0.07972634311380661,10,-3.557915162331093,-3.587958931015613,-3.583550263854315,-3.5803837026581617,-3.5926830720045446,-3.5804982263727454,0.01202876059133581,0.3142148791703412,0.2863104575924491,0.3362324050917235,0.28532406889096573,0.30261388757061025,0.30493913966321795,0.01898680277967478,10,0.4937479058039701,0.49905694886412366,0.49056037019448395,0.4938637261021408,0.4920789115822226,0.4938615725093882,0.002866380188683934
10.440702962875367,0.44908908638809947,0.011952972412109375,0.0019667484153643782,0.1,3,300,0.8,"{'model__learning_rate': 0.1, 'model__max_depth': 3, 'model__n_estimators': 300, 'model__subsample': 0.8}",-5.3125616850837165,-5.25316403408062,-5.166916546877173,-5.31424219837925,-5.185457070102087,-5.2464683069045694,0.0617370574400734,13,-3.6296214316824096,-3.5961630054307907,-3.6509017186777375,-3.6050624915941425,-3.6669142011677387,-3.6297325697105634,0.026706356313346145,-4.3132576012445325,-4.200224948714449,-4.180043895441176,-4.248719724720662,-4.160194275718356,-4.220488089167835,0.054927004696141736,15,-2.900182235342952,-2.9007407608897493,-2.911791208848507,-2.902626599003778,-2.941985404756532,-2.911465241768304,0.01582421519945505,0.3177257758951967,0.26697985661131973,0.32189315511209615,0.2809443910227818,0.31430212900124455,0.30036906152852777,0.02213968986530627,13,0.6614227261457696,0.6754443052669888,0.6618406592993933,0.6703242411499257,0.659094147643213,0.665625215901058,0.006215046189189134
13.422399997711182,0.2504520892232149,0.013207435607910156,0.0015319468204500223,0.1,3,300,1.0,"{'model__learning_rate': 0.1, 'model__max_depth': 3, 'model__n_estimators': 300, 'model__subsample': 1.0}",-5.325109030490636,-5.2640691699555955,-5.095734681419456,-5.314355713649322,-5.219722377880489,-5.2437981946790995,0.0830700630258255,12,-3.695531597970819,-3.758819897446866,-3.7131758604846308,-3.7457079524247887,-3.758234277511231,-3.734293917167667,0.025508565112418388,-4.312369128765388,-4.195866345666433,-4.0995466118466855,-4.2783952754931835,-4.197991520446492,-4.216833776443637,0.07411850572174214,12,-2.9467797308769854,-3.005247368762614,-2.9621145471247394,-2.991674572850799,-2.9974182821537134,-2.9806469003537703,0.022353993552341127,0.31449914424848047,0.2639333188196532,0.34044829227840234,0.28091367181188853,0.30521005574296733,0.30100089658027834,0.026583899857880705,12,0.6490146556600145,0.6454205761603256,0.6502061730564901,0.6440989691866859,0.6419030198606199,0.6461286787848272,0.003080004733207571
4.617852878570557,0.23436268863255055,0.009163618087768555,0.0018313412951136132,0.1,4,100,0.8,"{'model__learning_rate': 0.1, 'model__max_depth': 4, 'model__n_estimators': 100, 'model__subsample': 0.8}",-5.3472663705393035,-5.133322237998048,-5.174459066942272,-5.232399475197957,-5.154035916425868,-5.20829661342069,0.07694660629230994,8,-3.9573341251999143,-3.960905811215441,-3.9878080517368146,-3.9579538057999475,-3.982746247162635,-3.969349608222951,0.013158403587668227,-4.32461597350669,-4.070004778523138,-4.163368347293088,-4.202319898496168,-4.109531673123967,-4.173968134188611,0.08783095849249115,6,-3.162846086229117,-3.1805761317456063,-3.1823405669763587,-3.1601995497257382,-3.183581173157405,-3.173908701566845,0.010192448071548486,0.3087826508180359,0.3000435180671105,0.3199119473501755,0.3029216766926265,0.32258689191237555,0.31084933696806477,0.008986498920206459,8,0.5975234488706057,0.6062690759782203,0.5965501151187691,0.6026228761320223,0.5978405908303941,0.6001612213860023,0.0037080693170472544
5.610647296905517,0.2411216743286676,0.008776235580444335,0.001569027132645632,0.1,4,100,1.0,"{'model__learning_rate': 0.1, 'model__max_depth': 4, 'model__n_estimators': 100, 'model__subsample': 1.0}",-5.354478753644999,-5.204629668064095,-5.1313596363012035,-5.344964871225729,-5.21561447069288,-5.250209479985782,0.0863137125433696,14,-3.951374283662225,-3.9947826893287575,-3.9998312808454335,-3.9922111301280094,-3.9707624587739487,-3.981792368547674,0.018163811172022624,-4.3584446588856895,-4.128248121434789,-4.147135341203865,-4.272293541497118,-4.182733000414836,-4.217770932687259,0.08601533506377243,13,-3.1382357783384704,-3.1923952906960933,-3.1740219882000695,-3.191704961095846,-3.1697436104718464,-3.173220325760465,0.019728202117535027,0.3069167679223338,0.28046213890473537,0.33119402969516143,0.27260635654970056,0.3063032209736386,0.299496502809114,0.020935672582032775,14,0.5987348149791505,0.5995052621144187,0.594113647332094,0.5957142610259039,0.6002570855607857,0.5976650142024705,0.002352337756773256
13.513884258270263,0.61427126097745,0.012258291244506836,0.0008924130668981397,0.1,4,300,0.8,"{'model__learning_rate': 0.1, 'model__max_depth': 4, 'model__n_estimators': 300, 'model__subsample': 0.8}",-5.444528867501821,-5.279456737741593,-5.256796702991129,-5.29768490949476,-5.216016472190769,-5.298896737984014,0.07775557946535414,18,-2.6985199095765733,-2.665569520090575,-2.712794008524629,-2.669451743771738,-2.7303147125041263,-2.695329978893528,0.02487757036249335,-4.408951268225661,-4.189058182169813,-4.1999056522563185,-4.262799014725688,-4.183240897675593,-4.248791003010615,0.08497310004862249,17,-2.1564086602942942,-2.146879825814474,-2.1612717483798947,-2.1388874360337784,-2.180533249555184,-2.156796184015525,0.01416111962871207,0.2834085825513527,0.25962378956236176,0.2980961936253549,0.28541805412369725,0.3061962813626402,0.2865485802450814,0.015845892604212694,18,0.8128514805073682,0.8216839138849601,0.8132955199092298,0.8192386531127152,0.811001490731159,0.8156142116290864,0.004105217903303675
15.769917345046997,1.6768452164528123,0.011898231506347657,0.0011736625695349728,0.1,4,300,1.0,"{'model__learning_rate': 0.1, 'model__max_depth': 4, 'model__n_estimators': 300, 'model__subsample': 1.0}",-5.345407714009331,-5.314216531974011,-5.220654519376609,-5.427355959350495,-5.247391623897943,-5.311005269721678,0.07340473741963027,19,-2.915566749365494,-2.9701776417573633,-2.919360450235349,-2.948664137935661,-2.949940579547369,-2.940741911768247,0.020517285666667735,-4.348431789653526,-4.228739571963806,-4.216035997165235,-4.37966935018718,-4.21615937886056,-4.277807217566061,0.07125657552321121,20,-2.2940432746510155,-2.3581004691405503,-2.2997061410331074,-2.338932272821878,-2.321973695061119,-2.3225511705415345,0.023945864453291797,0.3092630878376347,0.24984246305926472,0.3077146475641874,0.2500083927258303,0.2978245031707588,0.28293061887153514,0.027232971997391265,19,0.7815353768761323,0.7786011580820762,0.783779660765747,0.7794474742987048,0.7793725750083634,0.7805472490062046,0.00188687656003202
